keys,en,fr
OPTIONS,OPTIONS,OPTIONS
SCORES,SCORES,SCORES
SETTINGS,SETTINGS,RÉGLAGES
COLLECTION,COLLECTION,COLLECTION
TUTORIAL,TUTORIAL,TUTORIEL
RETURN TO MENU,RETURN TO MENU,RETOUR AU MENU
RETURN TO BAR,RETURN TO BAR,RETOUR AU BAR
LANGUAGE,LANGUAGE,LANGUE
BACK,BACK,RETOUR
CLOSE,CLOSE,FERMER
MENU,MENU,MENU
START,START,JOUER
START RUN,START RUN,LANCER
CONTINUE,CONTINUE,CONTINUER
MUTE,MUTE,MUET
VOLUME,VOLUME,VOLUME
HOW TO PLAY,HOW TO PLAY,COMMENT JOUER
CASINO,CASINO,CASINO
LOBOTOMY - SHOP,LOBOTOMY - SHOP,LOBOTOMY - BOUTIQUE
-- UPGRADES --,-- UPGRADES --,-- AMÉLIORATIONS --
AUGMENTS,AUGMENTS,AUGMENTS
POWERS,POWERS,POUVOIRS
POWER,POWER,POUVOIR
SELECT POWER,SELECT POWER,CHOISIR
BUY,BUY,ACHETER
DONE,DONE,TERMINÉ
CANCEL,CANCEL,ANNULER
UNDERSTOOD,UNDERSTOOD,COMPRIS
GAME OVER,GAME OVER,PARTIE TERMINÉE
TARGET REACHED,TARGET REACHED,OBJECTIF ATTEINT
FLATLINE.,FLATLINE.,FLATLINE.
TRY AGAIN,TRY AGAIN,RECOMMENCER
Keep playing,Keep playing,Continuer
Start again ?,Start again ?,Recommencer ?
You've become rich,You've become rich,Tu es devenu riche
fortune isn't far,fortune isn't far,la fortune est proche
is it enough ?,is it enough ?,est-ce assez ?
the casino takes his share,the casino takes his share,le casino prend sa part
"this time, it's fatal. No coming back","this time, it's fatal. No coming back","cette fois, c'est fatal. Aucun retour"
Requires 350 Lucidity Coins.,Requires 350 Lucidity Coins.,Nécessite 350 pièces de Lucidité.
10% kept,10% kept,10% gardés
TABLES,TABLES,TABLES
PACTE,PACTE,PACTE
NEURONS,NEURONS,NEURONES
AUGMENTED RUN,AUGMENTED RUN,PARTIE AUGMENTÉE
CLASSIC RUN,CLASSIC RUN,PARTIE CLASSIQUE
RUN IN PROGRESS,RUN IN PROGRESS,PARTIE EN COURS
DEALER VISIT UNAVAILABLE,DEALER VISIT UNAVAILABLE,VISITE INDISPONIBLE
NOT ENOUGH CREDITS,NOT ENOUGH CREDITS,CRÉDITS INSUFFISANTS
OWNED,OWNED,POSSÉDÉ
-1 NEURON,-1 NEURON,-1 NEURONE
EACH RETURN COSTS YOU,EACH RETURN COSTS YOU,CHAQUE RETOUR TE COÛTE
EACH RETURN COSTS YOU. REACH WEALTH BEFORE DEATH.,EACH RETURN COSTS YOU. REACH WEALTH BEFORE DEATH.,CHAQUE RETOUR TE COÛTE. ATTEINS LA FORTUNE AVANT LA MORT.
NO NEURONS. RETURNING ENDS THIS MIND.,NO NEURONS. RETURNING ENDS THIS MIND.,PLUS DE NEURONES. REVENIR ACHÈVE CET ESPRIT.
WEALTH ENDING REACHED.,WEALTH ENDING REACHED.,FIN FORTUNE ATTEINTE.
POCKETS FULL — DROP ONE,POCKETS FULL — DROP ONE,POCHES PLEINES — LÂCHE-EN UN
DROP HERE,DROP HERE,DÉPOSE ICI
DRAG TO THE SLOT,DRAG TO THE SLOT,GLISSE VERS LA CASE
TAP TO INSPECT  /  DRAG TO THE SLOT,TAP TO INSPECT  /  DRAG TO THE SLOT,TOUCHE POUR VOIR  /  GLISSE VERS LA CASE
PACTE IS CLOSED,PACTE IS CLOSED,LE PACTE EST FERMÉ
SHOW ME,SHOW ME,MONTRE-MOI
START FRESH AGAIN,START FRESH AGAIN,REPARTIR À ZÉRO
LEAVE THE TUTORIAL?,LEAVE THE TUTORIAL?,QUITTER LE TUTORIEL ?
IGNORE,IGNORE,IGNORER
skip,skip,passer
take,take,prendre
leave,leave,partir
look,look,voir
ignore,ignore,ignorer
tap,tap,tape
yes,yes,oui
no,no,non
I've got something for ya,I've got something for ya,J'ai quelque chose pour toi
Interested in one?,Interested in one?,Ça t'intéresse ?
"YOUR POCKETS ARE FULL,
WANNA THROW SOMETHING ?","YOUR POCKETS ARE FULL,
WANNA THROW SOMETHING ?","TES POCHES SONT PLEINES,
TU EN JETTES UN ?"
CREDITS %d,CREDITS %d,CRÉDITS %d
CREDITS %d   RUNS %d   BEST %d,CREDITS %d   RUNS %d   BEST %d,CRÉDITS %d   PARTIES %d   MEILLEUR %d
CURRENT COINS : %d,CURRENT COINS : %d,PIÈCES ACTUELLES : %d
REACHED: %s,REACHED: %s,ATTEINT : %s
-%d lost,-%d lost,-%d perdu
%d%% kept,%d%% kept,%d%% gardés
none,none,aucune
%s%s  OWNED,%s%s  OWNED,%s%s  POSSÉDÉ
%s%s  (needs prev),%s%s  (needs prev),%s%s  (précédent requis)
PATTERN RECOGNITION,PATTERN RECOGNITION,MOTIFS
BOOK,BOOK,LIVRE
HALLUCINATION,HALLUCINATION,HALLUCINATION
SMART SAVING,SMART SAVING,ÉPARGNE
REWARD + I,REWARD + I,GAIN + I
REWARD + II,REWARD + II,GAIN + II
REWARD + III,REWARD + III,GAIN + III
JOKER,JOKER,JOKER
COMBO,COMBO,COMBO
GLITCH,GLITCH,GLITCH
TUNNEL VISION,TUNNEL VISION,VISION TUNNEL
IS IT CHEATING ?,IS IT CHEATING ?,EST-CE TRICHER ?
ADRENALINE,ADRENALINE,ADRÉNALINE
PASSIVE GAIN,PASSIVE GAIN,GAIN PASSIF
REROLL,REROLL,RELANCE
SHIFT,SHIFT,DÉCALAGE
LOCK,LOCK,VERROU
REWIND,REWIND,REMBOBINER
HEART,HEART,CŒUR
CHEAT,CHEAT,TRICHE
SWAP,SWAP,ÉCHANGE
TWO SYMBOLS APART COUNT AS A PAIR.,TWO SYMBOLS APART COUNT AS A PAIR.,DEUX SYMBOLES ESPACÉS FONT UNE PAIRE.
LEARNING ADDS BOOKS TO THE REELS; BOOK WINS -30%.,LEARNING ADDS BOOKS TO THE REELS; BOOK WINS -30%.,LE LIVRE ARRIVE SUR LES ROULEAUX ; GAINS LIVRE -30%.
VISIBLE PAIRS COUNT AS TRIPLES; REWARDS -70%.,VISIBLE PAIRS COUNT AS TRIPLES; REWARDS -70%.,LES PAIRES VISIBLES VALENT TRIPLE ; GAINS -70%.
KEEP 50% OF LUCIDITY INSTEAD OF 10% ON FLATLINE.,KEEP 50% OF LUCIDITY INSTEAD OF 10% ON FLATLINE.,GARDE 50% DE LUCIDITÉ AU LIEU DE 10% AU FLATLINE.
CHOOSE A SYMBOL TO BOOST. TIER I.,CHOOSE A SYMBOL TO BOOST. TIER I.,CHOISIS UN SYMBOLE À BOOSTER. RANG I.
CHOOSE A SYMBOL TO BOOST. TIER II.,CHOOSE A SYMBOL TO BOOST. TIER II.,CHOISIS UN SYMBOLE À BOOSTER. RANG II.
CHOOSE A SYMBOL TO BOOST. TIER III.,CHOOSE A SYMBOL TO BOOST. TIER III.,CHOISIS UN SYMBOLE À BOOSTER. RANG III.
"AFTER 3 FLATLINES, POWER IS UNLOCKED.","AFTER 3 FLATLINES, POWER IS UNLOCKED.","APRÈS 3 FLATLINES, LE POUVOIR SE DÉBLOQUE."
ADD 5% PER SUCCESSIVE WIN TO BASE REWARD.,ADD 5% PER SUCCESSIVE WIN TO BASE REWARD.,+5% AU GAIN DE BASE PAR VICTOIRE D'AFFILÉE.
THE DEALER ALWAYS MOVES 3 STEPS.,THE DEALER ALWAYS MOVES 3 STEPS.,LE CROUPIER AVANCE TOUJOURS DE 3.
HIDE THE THIRD REEL. REWARDS +50%.,HIDE THE THIRD REEL. REWARDS +50%.,CACHE LE 3E ROULEAU. GAINS +50%.
A SOLO SYMBOL COUNTS AS A PAIR. PAIRS PAY X0.6.,A SOLO SYMBOL COUNTS AS A PAIR. PAIRS PAY X0.6.,UN SYMBOLE SEUL VAUT UNE PAIRE. PAIRES X0.6.
POWER RESTORE THRESHOLD: 30 LUCIDITY.,POWER RESTORE THRESHOLD: 30 LUCIDITY.,SEUIL DE RECHARGE : 30 LUCIDITÉ.
GAIN 10 LUCIDITY EVERY SPIN.,GAIN 10 LUCIDITY EVERY SPIN.,+10 LUCIDITÉ À CHAQUE TOUR.
REROLL ONE REVEALED REEL.,REROLL ONE REVEALED REEL.,RELANCE UN ROULEAU RÉVÉLÉ.
STEP ONE REVEALED REEL ALONG THE SYMBOL CYCLE.,STEP ONE REVEALED REEL ALONG THE SYMBOL CYCLE.,DÉCALE UN ROULEAU RÉVÉLÉ DANS LE CYCLE.
LOCK ONE REEL THROUGH THE NEXT SPINS.,LOCK ONE REEL THROUGH THE NEXT SPINS.,VERROUILLE UN ROULEAU POUR LES TOURS SUIVANTS.
RESTORE THE PREVIOUS SPIN AND RECOVER 1–3 OTHER POWER CHIPS.,RESTORE THE PREVIOUS SPIN AND RECOVER 1–3 OTHER POWER CHIPS.,REJOUE LE TOUR PRÉCÉDENT ET RÉCUPÈRE 1–3 JETONS.
NEXT SPIN: GUARANTEED HEART x1/x2/x3 TRIPLE; +1/+2/+3 SPINS; ADVANCES COMBO.,NEXT SPIN: GUARANTEED HEART x1/x2/x3 TRIPLE; +1/+2/+3 SPINS; ADVANCES COMBO.,TOUR SUIVANT : TRIPLE CŒUR x1/x2/x3 GARANTI ; +1/+2/+3 TOURS ; AVANCE LE COMBO.
REPLACE ONE REVEALED SYMBOL WITH A CHOSEN SYMBOL.,REPLACE ONE REVEALED SYMBOL WITH A CHOSEN SYMBOL.,REMPLACE UN SYMBOLE RÉVÉLÉ PAR UN AUTRE.
SWAP ONE REVEALED SYMBOL WITH ANOTHER REEL.,SWAP ONE REVEALED SYMBOL WITH ANOTHER REEL.,ÉCHANGE UN SYMBOLE RÉVÉLÉ AVEC UN AUTRE ROULEAU.
REACH A RUN TARGET OF 2000.,REACH A RUN TARGET OF 2000.,ATTEINS UN OBJECTIF DE 2000.
REACH A RUN TARGET OF 4000.,REACH A RUN TARGET OF 4000.,ATTEINS UN OBJECTIF DE 4000.
USE 10 CONSUMABLES.,USE 10 CONSUMABLES.,UTILISE 10 CONSOMMABLES.
LAND 20 PAIRS IN ONE RUN.,LAND 20 PAIRS IN ONE RUN.,FAIS 20 PAIRES EN UNE PARTIE.
LAND THE SAME TRIPLE 3 TIMES IN ONE RUN.,LAND THE SAME TRIPLE 3 TIMES IN ONE RUN.,FAIS 3 FOIS LE MÊME TRIPLE EN UNE PARTIE.
RESTORE POWER 30 TIMES.,RESTORE POWER 30 TIMES.,RECHARGE LE POUVOIR 30 FOIS.
WIN A JOKER AUGMENTED RUN.,WIN A JOKER AUGMENTED RUN.,GAGNE UNE PARTIE AUGMENTÉE JOKER.
WIN A RUN WITHOUT A SINGLE FLATLINE.,WIN A RUN WITHOUT A SINGLE FLATLINE.,GAGNE UNE PARTIE SANS AUCUN FLATLINE.
DIE OF FLATLINE.,DIE OF FLATLINE.,MEURS D'UN FLATLINE.
USE THE CHEAT POWER 10 TIMES.,USE THE CHEAT POWER 10 TIMES.,UTILISE LE POUVOIR TRICHE 10 FOIS.
WIN A HEART AUGMENTED RUN.,WIN A HEART AUGMENTED RUN.,GAGNE UNE PARTIE AUGMENTÉE CŒUR.
WIN A RUN.,WIN A RUN.,GAGNE UNE PARTIE.
RECOVER 20 SPENT SPINS.,RECOVER 20 SPENT SPINS.,RÉCUPÈRE 20 TOURS DÉPENSÉS.
TURN 10 SPINS INTO A WIN WITH SHIFT.,TURN 10 SPINS INTO A WIN WITH SHIFT.,TRANSFORME 10 TOURS EN VICTOIRE AVEC DÉCALAGE.
Tobacco,Tobacco,Tabac
Serum,Serum,Sérum
White Powder,White Powder,Poudre Blanche
Potion,Potion,Potion
Tea,Tea,Thé
Energy Drink,Energy Drink,Boisson Énergisante
Cocktail,Cocktail,Cocktail
Water,Water,Eau
Red Pill,Red Pill,Pilule Rouge
REFRESH,REFRESH,FRAÎCHEUR
WIN GUARANTEED,WIN GUARANTEED,GAIN GARANTI
FREE,FREE,GRATUIT
EASY,EASY,FACILE
CLARITY,CLARITY,CLARTÉ
ENERGY,ENERGY,ÉNERGIE
GIFT,GIFT,CADEAU
COPY,COPY,COPIE
COPY A REEL,COPY A REEL,COPIE UN ROULEAU
ODD,ODD,ÉTRANGE
PAIRS,PAIRS,PAIRES
POWERS RESTORED,POWERS RESTORED,POUVOIRS RENDUS
RARITY BONUS,RARITY BONUS,BONUS RARETÉ
RESTORE POWER,RESTORE POWER,RECHARGE
RESTORE,RESTORE,RECHARGE
SYMBOL GUARANTEED,SYMBOL GUARANTEED,SYMBOLE GARANTI
2 FREE SPINS,2 FREE SPINS,2 TOURS GRATUITS
3X PAIRS,3X PAIRS,PAIRES X3
+40 SCORE & LUCIDITY,+40 SCORE & LUCIDITY,+40 SCORE & LUCIDITÉ
FOCUS,FOCUS,FOCUS
WEAK,WEAK,FAIBLE
CLOSE CALL,CLOSE CALL,DE JUSTESSE
COMPULSIVE,COMPULSIVE,COMPULSIF
STICKY,STICKY,COLLANT
DRAINS THE BAR,DRAINS THE BAR,VIDE LA BARRE
A REEL FLATLINES,A REEL FLATLINES,UN ROULEAU FLATLINE
FORCED SPIN,FORCED SPIN,TOUR FORCÉ
WINS PAY BACK,WINS PAY BACK,LES GAINS REMBOURSENT
WINS PAY RARITY BACK,WINS PAY RARITY BACK,LES GAINS RENDENT LA RARETÉ
1 REEL HIDDEN,1 REEL HIDDEN,1 ROULEAU CACHÉ
ADJACENTS HIDDEN,ADJACENTS HIDDEN,ADJACENTS CACHÉS
BLIND,BLIND,AVEUGLE
HIDE,HIDE,CACHE
NONE,NONE,AUCUN
POWER BAR DRAINED,POWER BAR DRAINED,BARRE VIDÉE
PRICE,PRICE,PRIX
RANDOM,RANDOM,ALÉATOIRE
RESULT HIDDEN,RESULT HIDDEN,RÉSULTAT CACHÉ
+3 SPINS,+3 SPINS,+3 TOURS
+1 ITEM,+1 ITEM,+1 OBJET
DEALER +2,DEALER +2,CROUPIER +2
RESERVE ARMED,RESERVE ARMED,RÉSERVE ARMÉE
Shift,Shift,Décalage
Memory,Memory,Mémoire
Reward Amplification,Reward Amplification,Amplification de Gain
Sedative Protocol,Sedative Protocol,Protocole Sédatif
Pattern Fabrication,Pattern Fabrication,Fabrication de Motifs
Euphoria Spiral,Euphoria Spiral,Spirale d'Euphorie
Hydration,Hydration,Hydratation
Passive Cognition,Passive Cognition,Cognition Passive
Learning,Learning,Apprentissage
Smart Save,Smart Save,Épargne Maligne
Tunnel Vision,Tunnel Vision,Vision Tunnel
How to Cheat,How to Cheat,Comment Tricher
Adrenaline,Adrenaline,Adrénaline
Passive Gain,Passive Gain,Gain Passif
Select a lab terminal.,Select a lab terminal.,Choisis un terminal.
Unlocks with future achievements.,Unlocks with future achievements.,Se débloque avec de futurs succès.
"Shift one reel symbol up
 or down during a run.","Shift one reel symbol up
 or down during a run.","Décale un symbole vers le haut
 ou le bas pendant une partie."
Two matching symbols in slots 2 and 3 count as a triple.,Two matching symbols in slots 2 and 3 count as a triple.,Deux symboles identiques en 2 et 3 comptent comme un triple.
"Adds the Book symbol to the reels, but wins it completes are cut by 30%.","Adds the Book symbol to the reels, but wins it completes are cut by 30%.","Ajoute le symbole Livre aux rouleaux, mais les gains qu'il complète sont réduits de 30%."
"Removes one reel. Visible pairs count as triples, but rewards are cut by 70%.","Removes one reel. Visible pairs count as triples, but rewards are cut by 70%.","Retire un rouleau. Les paires visibles comptent comme des triples, mais les gains sont réduits de 70%."
Lock a reel before spinning.,Lock a reel before spinning.,Verrouille un rouleau avant de lancer.
"Choose one symbol and increase its rewards.
[color=#183A8C]tier I[/color].","Choose one symbol and increase its rewards.
[color=#183A8C]tier I[/color].","Choisis un symbole et augmente ses gains.
[color=#183A8C]rang I[/color]."
"Increase the chosen symbol's rewards.
[color=#FBBF24]tier II[/color].","Increase the chosen symbol's rewards.
[color=#FBBF24]tier II[/color].","Augmente les gains du symbole choisi.
[color=#FBBF24]rang II[/color]."
"Increase the chosen symbol's rewards.
[color=#D62828]tier III[/color].","Increase the chosen symbol's rewards.
[color=#D62828]tier III[/color].","Augmente les gains du symbole choisi.
[color=#D62828]rang III[/color]."
Retain 50% of run lucidity on reset instead of 10%.,Retain 50% of run lucidity on reset instead of 10%.,Conserve 50% de la lucidité de la partie au lieu de 10%.
"EVERY RUN OPENS WITH A PACTE.
THE HOUSE DEALS, YOU KEEP ONE.","EVERY RUN OPENS WITH A PACTE.
THE HOUSE DEALS, YOU KEEP ONE.","CHAQUE PARTIE S'OUVRE SUR UN PACTE.
LA MAISON DONNE, TU EN GARDES UN."
"DRAG ONE CARD INTO ITS SLOT.
THEN ONE MORE. THEY LAST THE RUN.","DRAG ONE CARD INTO ITS SLOT.
THEN ONE MORE. THEY LAST THE RUN.","GLISSE UNE CARTE DANS SA CASE.
PUIS UNE AUTRE. ELLES DURENT LA PARTIE."
"YOUR HEALTH. EVERY PAID SPIN
COSTS ONE. AT ZERO THE RUN ENDS.","YOUR HEALTH. EVERY PAID SPIN
COSTS ONE. AT ZERO THE RUN ENDS.","TA SANTÉ. CHAQUE TOUR PAYANT
EN COÛTE UN. À ZÉRO, LA PARTIE FINIT."
"THIS IS THE TARGET.
BEAT IT AND YOU BANK THE RUN.","THIS IS THE TARGET.
BEAT IT AND YOU BANK THE RUN.","VOICI L'OBJECTIF.
BATS-LE ET TU EMPOCHES LA PARTIE."
PRESS SPIN.,PRESS SPIN.,APPUIE SUR SPIN.
"TWO OF A KIND PAYS.
IT LANDS ON YOUR WEALTH.","TWO OF A KIND PAYS.
IT LANDS ON YOUR WEALTH.","DEUX SYMBOLES IDENTIQUES PAIENT.
ÇA TOMBE SUR TA FORTUNE."
"THE DEALER IS DUE.
HE COMES ROUND ON HIS OWN CLOCK.","THE DEALER IS DUE.
HE COMES ROUND ON HIS OWN CLOCK.","LE CROUPIER APPROCHE.
IL PASSE À SON PROPRE RYTHME."
SPIN AGAIN AND HE WALKS IN.,SPIN AGAIN AND HE WALKS IN.,RELANCE ET IL ENTRE.
"HE BRINGS ITEMS, NOT BILLS.
TAKE ONE.","HE BRINGS ITEMS, NOT BILLS.
TAKE ONE.","IL APPORTE DES OBJETS, PAS DES BILLETS.
PRENDS-EN UN."
"YOUR POCKET. TAP THE POWDER
TO USE IT.","YOUR POCKET. TAP THE POWDER
TO USE IT.","TA POCHE. TOUCHE LA POUDRE
POUR L'UTILISER."
"PICK A REEL TO COPY,
THEN THE REEL TO COPY IT ONTO.","PICK A REEL TO COPY,
THEN THE REEL TO COPY IT ONTO.","CHOISIS UN ROULEAU À COPIER,
PUIS CELUI QUI LE RECEVRA."
"EVERY ITEM HAS A PRICE. THIS ONE
HIDES YOUR NEXT RESULT.","EVERY ITEM HAS A PRICE. THIS ONE
HIDES YOUR NEXT RESULT.","CHAQUE OBJET A UN PRIX. CELUI-CI
CACHE TON PROCHAIN RÉSULTAT."
"SPIN. THE REELS COME BACK
UNDER COVERS.","SPIN. THE REELS COME BACK
UNDER COVERS.","LANCE. LES ROULEAUX REVIENNENT
MASQUÉS."
"ONE MORE. THREE OF A KIND
PAYS THE HOUSE OUT.","ONE MORE. THREE OF A KIND
PAYS THE HOUSE OUT.","ENCORE UN. TROIS IDENTIQUES
FONT CRACHER LA MAISON."
"TARGET BEATEN. THE HOUSE TAKES
ITS CUT, YOU BANK THE REST.","TARGET BEATEN. THE HOUSE TAKES
ITS CUT, YOU BANK THE REST.","OBJECTIF BATTU. LA MAISON PREND
SA PART, TU GARDES LE RESTE."
"NEW RUN, ONE HEALTH LEFT.
THIS IS HOW RUNS USUALLY END.","NEW RUN, ONE HEALTH LEFT.
THIS IS HOW RUNS USUALLY END.","NOUVELLE PARTIE, UNE SANTÉ.
C'EST AINSI QUE ÇA FINIT D'HABITUDE."
SPEND IT.,SPEND IT.,DÉPENSE-LE.
"FLATLINE. THE RUN IS OVER AND
THE CAMPAIGN IS ONE HEALTH DOWN.","FLATLINE. THE RUN IS OVER AND
THE CAMPAIGN IS ONE HEALTH DOWN.","FLATLINE. LA PARTIE EST FINIE ET
LA CAMPAGNE PERD UNE SANTÉ."
"A NEW RUN, A NEW PACTE.
TAKE ONE FROM EACH DECK AGAIN.","A NEW RUN, A NEW PACTE.
TAKE ONE FROM EACH DECK AGAIN.","NOUVELLE PARTIE, NOUVEAU PACTE.
REPRENDS UNE CARTE DE CHAQUE TAS."
"SPEND YOUR TOKENS HERE. BETTER ODDS
ARE PERMANENT — THEY OUTLAST THE RUN.","SPEND YOUR TOKENS HERE. BETTER ODDS
ARE PERMANENT — THEY OUTLAST THE RUN.","DÉPENSE TES JETONS ICI. DE MEILLEURES
CHANCES SONT PERMANENTES."
"WHAT YOU BANKED BUYS THE NEXT RUN.
SPEND IT HERE.","WHAT YOU BANKED BUYS THE NEXT RUN.
SPEND IT HERE.","CE QUE TU AS EMPOCHÉ PAIE LA SUITE.
DÉPENSE-LE ICI."
"THAT IS THE LOOP.
GOOD LUCK.","THAT IS THE LOOP.
GOOD LUCK.","VOILÀ LA BOUCLE.
BONNE CHANCE."
(TAP TO GO ON),(TAP TO GO ON),(TOUCHE POUR CONTINUER)
SPINS COST 2 HEALTH,SPINS COST 2 HEALTH,LES TOURS COÛTENT 2 SANTÉ
POWER RESTORES EVERY 2 SPINS,POWER RESTORES EVERY 2 SPINS,RECHARGE TOUS LES 2 TOURS
MAX 2 POWERS PER SPIN,MAX 2 POWERS PER SPIN,MAX 2 POUVOIRS PAR TOUR
NO AUGMENT AT THE 2ND PACTE,NO AUGMENT AT THE 2ND PACTE,PAS D'AUGMENT AU 2E PACTE
PRICES +%d%%,PRICES +%d%%,PRIX +%d%%
DEALER OFFERS %d ITEM FEWER,DEALER OFFERS %d ITEM FEWER,LE CROUPIER OFFRE %d OBJET DE MOINS
DEALER OFFERS %d ITEMS FEWER,DEALER OFFERS %d ITEMS FEWER,LE CROUPIER OFFRE %d OBJETS DE MOINS
HOUSE ANGER TAX +%d%%,HOUSE ANGER TAX +%d%%,TAXE DE COLÈRE +%d%%
wealth,wealth,fortune
neurons,neurons,neurones
flatline,flatline,flatline
exit,exit,sortie
game_over,game_over,fin de partie
"time  %s","time  %s","durée  %s"
"date  %s","date  %s","date  %s"
"[color=#d9f0ff][b]The Objective[/b][/color]
- Run 3 campaign health -> attain 5,000 Wealth before hitting 0.

[color=#f2d37c][b]Dealer Scene[/b][/color]
- Buy consumables for your run.
- Effects are vague. Try them all to discover what they do.
- Inventory limit: 2 consumables max.

[color=#c6f08a][b]Upgrades Scene[/b][/color]
- Purchase upgrades for your run.
- Acquire powers that manipulate the machine.
- Boost your overall gains.

[color=#ff9ca8][b]Machine Scene[/b][/color]
- You have 15 spins with x1, x2, or x3 bets.
- The Dealer can pop up mid-run with run-only items.
- You always start with the ""Reroll"" power.
- 1 random power restores every 50 coins obtained.","[color=#d9f0ff][b]The Objective[/b][/color]
- Run 3 campaign health -> attain 5,000 Wealth before hitting 0.

[color=#f2d37c][b]Dealer Scene[/b][/color]
- Buy consumables for your run.
- Effects are vague. Try them all to discover what they do.
- Inventory limit: 2 consumables max.

[color=#c6f08a][b]Upgrades Scene[/b][/color]
- Purchase upgrades for your run.
- Acquire powers that manipulate the machine.
- Boost your overall gains.

[color=#ff9ca8][b]Machine Scene[/b][/color]
- You have 15 spins with x1, x2, or x3 bets.
- The Dealer can pop up mid-run with run-only items.
- You always start with the ""Reroll"" power.
- 1 random power restores every 50 coins obtained.","[color=#d9f0ff][b]L'Objectif[/b][/color]
- 3 points de santé de campagne -> atteins 5 000 de Fortune avant zéro.

[color=#f2d37c][b]Scène du Croupier[/b][/color]
- Achète des consommables pour ta partie.
- Les effets sont vagues. Essaie-les tous pour les découvrir.
- Limite d'inventaire : 2 consommables.

[color=#c6f08a][b]Scène des Améliorations[/b][/color]
- Achète des améliorations pour ta partie.
- Acquiers des pouvoirs qui manipulent la machine.
- Augmente tes gains globaux.

[color=#ff9ca8][b]Scène de la Machine[/b][/color]
- Tu as 15 tours avec des mises x1, x2 ou x3.
- Le Croupier peut surgir en pleine partie avec des objets exclusifs.
- Tu commences toujours avec le pouvoir ""Relance"".
- 1 pouvoir au hasard se recharge tous les 50 jetons obtenus."
JACKPOT +%d SPIN,JACKPOT +%d SPIN,JACKPOT +%d TOUR
REVEALS A REEL,REVEALS A REEL,RÉVÈLE UN ROULEAU
ALL POWERS BACK,ALL POWERS BACK,TOUS LES POUVOIRS RENDUS
LAST ITEM BACK,LAST ITEM BACK,DERNIER OBJET RENDU
+%d SPINS,+%d SPINS,+%d TOURS
"CLOSE CALL %d/%d,
2X REWARDS NEXT SPIN","CLOSE CALL %d/%d,
2X REWARDS NEXT SPIN","DE JUSTESSE %d/%d,
GAINS X2 AU PROCHAIN TOUR"
